date,fii_net_idx,dii_net_idx,cl_net_idx,pr_net_idx,fii_net_stk,dii_net_stk,pcr_idx,pcr_stk,fii_pcr,dii_pcr,cl_pcr,fii_ls,dii_ls,cl_ls,pr_ls,dii_hedge,fii_opt_net,fii_dii_div,total_oi,fii_tl,fii_ts,dii_tl,dii_ts,fii_call_l,fii_put_l,dii_call_l,dii_put_l
2025-11-21,-169847,59897,76244,33706,1264523,-4421597,1.0102,0.6036,1.2112,8.7404,0.8707,1.3849,0.0751,1.3186,1.0702,8.7404,-123524,-229744,22180043,5172527,3734965,368942,4911007,584976,708500,2381,20811
2025-11-24,-161697,42108,77362,42227,1349164,-4462135,0.7985,0.6123,1.0357,8.8278,0.6625,1.3727,0.0734,1.3037,1.0842,8.8278,-25699,-203805,22825086,5321618,3876779,363410,4947808,719953,745652,2381,21019
2025-11-25,-94689,42501,60088,-7900,1329621,-4437551,0.9686,0.7348,1.7039,11.9918,0.7096,1.4887,0.0581,1.505,1.2823,11.9918,-203729,-137190,14345785,4385498,2945799,269744,4642806,289447,493176,1950,23384
2025-11-26,-90747,42724,57268,-9245,1362991,-4458459,1.419,0.7518,1.4385,13.8431,1.3931,1.4503,0.0603,1.375,1.223,13.8431,-174714,-133471,16932446,4620485,3185822,281712,4672558,398437,573151,1950,26994
2025-11-27,-87263,42952,57165,-12854,1329167,-4452432,1.1634,0.7268,1.2835,13.9969,1.1207,1.4424,0.0621,1.3185,1.2246,13.9969,-127337,-130215,18154062,4695007,3254922,291281,4688336,449150,576487,1950,27294
2025-11-28,-87596,43062,55707,-11173,1326808,-4477414,1.1481,0.7087,1.3976,13.9969,1.05,1.4292,0.0621,1.3019,1.1842,13.9969,-194969,-130658,19309631,4861766,3401640,293271,4719442,490310,685279,1950,27294
2025-12-01,-87170,41950,58048,-12828,1319803,-4429381,0.9094,0.7001,1.2941,13.9969,0.7897,1.4131,0.064,1.2847,1.1387,13.9969,-161838,-129120,20600071,4975570,3521055,300582,4696684,550277,712115,1950,27294
2025-12-02,-99859,34831,75400,-10372,1371746,-4503760,0.951,0.6863,1.491,9.2522,0.7031,1.4654,0.0623,1.3971,1.1994,9.2522,-181126,-134690,17133225,4660150,3180139,298743,4792695,368902,550028,2950,27294
2025-12-03,-113469,25603,92580,-4714,1334349,-4509634,0.8727,0.6493,1.319,8.8895,0.7002,1.4352,0.0618,1.352,1.175,8.8895,-153063,-139072,18757295,4851046,3380150,299528,4848098,479820,632883,2950,26224
2025-12-04,-122530,25996,91256,5278,1353172,-4516484,0.9292,0.6483,1.3594,8.8895,0.7625,1.419,0.0603,1.3271,1.1847,8.8895,-176837,-148526,19438793,4910940,3460768,293276,4863009,492007,668844,2950,26224
2025-12-05,-121302,34968,86080,254,1371873,-4534291,1.1974,0.6473,1.4084,9.6014,1.1247,1.4044,0.0616,1.3039,1.1645,9.6014,-219336,-156270,20660766,5092149,3625843,301716,4898627,537053,756389,2950,28324
2025-12-08,-138529,35235,88522,14772,1353798,-4523702,0.6663,0.6131,1.1093,8.5459,0.5474,1.3618,0.0634,1.3203,1.0692,8.5459,-72863,-173764,22700769,5231993,3841918,313214,4943503,666672,739535,2975,25424
2025-12-09,-142498,35811,92082,14605,1374909,-4553103,0.8696,0.6027,1.4388,8.6488,0.6385,1.4285,0.063,1.4423,1.0908,8.6488,-185463,-178309,18743424,4872577,3410928,315342,5004840,422696,608159,2950,25514
2025-12-10,-148339,35060,94460,18819,1358306,-4539344,0.7408,0.5868,1.235,8.3776,0.55,1.4009,0.0622,1.4065,1.05,8.3776,-123686,-183399,20455384,5018453,3582364,311497,5005312,526432,650118,2950,24714
2025-12-11,-146984,35364,96067,15553,1401348,-4558059,0.9291,0.6018,1.2633,8.1878,0.8231,1.3946,0.0626,1.367,1.0799,8.1878,-138867,-182348,21011884,5062384,3629982,315890,5044989,527492,666359,2950,24154
2025-12-12,-150416,43137,99276,8003,1409192,-4555116,1.116,0.6132,1.2993,8.1878,1.0468,1.3962,0.0649,1.3482,1.0648,8.1878,-167939,-193553,21906785,5186412,3714615,328969,5065746,561157,729096,2950,24154
2025-12-15,-147925,43089,100877,3959,1375843,-4544721,1.1508,0.6065,1.2756,8.1878,1.0898,1.3626,0.0668,1.3512,1.0233,8.1878,-164862,-191014,23119750,5252906,3854934,338465,5067892,598241,763103,2950,24154
2025-12-16,-156845,44175,103542,9128,1329617,-4532097,0.8763,0.5889,1.4089,8.2393,0.6792,1.3899,0.0678,1.4743,1.0246,8.2393,-170831,-201020,19617669,4869996,3503765,343100,5059646,417734,588565,2950,24306
2025-12-17,-164650,45256,107400,11994,1317719,-4524818,0.7702,0.5824,1.2686,3.5658,0.62,1.3564,0.0684,1.4211,1.0207,3.5658,-136568,-209906,21284508,5043909,3718721,345953,5059662,508459,645027,5877,20956
2025-12-18,-165482,45087,105674,14721,1348784,-4523711,0.8227,0.5932,1.2075,3.4296,0.6961,1.353,0.0692,1.3863,1.0417,3.4296,-112839,-210569,21855341,5143013,3801288,351364,5073866,543918,656757,5877,20156
2025-12-19,-158785,45043,96899,16843,1416836,-4557134,1.076,0.6211,1.2476,3.5147,0.9955,1.3659,0.0695,1.3437,1.07,3.5147,-141918,-203828,22609312,5285258,3869482,355320,5110921,573262,715180,5877,20656
2025-12-22,-144701,44693,88180,11828,1429541,-4552899,1.3155,0.6465,1.4387,3.79,1.2993,1.3708,0.0704,1.3473,1.0211,3.79,-248453,-189394,23544263,5405650,3943341,360569,5119590,566281,814734,5877,22274
2025-12-23,-133758,43128,82067,8563,1458855,-4557911,1.0647,0.6512,1.3402,3.7626,0.9856,1.4178,0.07,1.4552,1.0225,3.7626,-145486,-176886,20239725,5059947,3568975,358859,5125071,427599,573085,5877,22113
2025-12-24,-129051,33543,82042,13466,1469249,-4544915,0.9435,0.6419,1.2561,3.7676,0.827,1.4099,0.0694,1.3877,1.039,3.7676,-132153,-162594,21566469,5219844,3702211,355231,5119327,515923,648076,5847,22029
2025-12-26,-139153,36617,98707,3829,1488012,-4560349,0.7613,0.634,1.0899,3.2116,0.6255,1.4105,0.0708,1.3522,1.0353,3.2116,-58035,-175770,22615963,5390098,3821292,362440,5120884,645748,703783,6847,21990
2025-12-29,-154940,40349,107928,6663,1479427,-4560313,0.6936,0.6306,1.0316,3.798,0.5786,1.3865,0.0747,1.3394,1.037,3.798,-22058,-195289,23298220,5428713,3915432,383094,5127099,698906,720964,6847,26005
2025-12-30,-144062,33575,118213,-7726,1560867,-4602271,0.9292,0.7311,1.6896,0.0,0.7118,1.5631,0.0514,1.5198,1.2069,17495.0,-180033,-177637,14769949,4533986,2900588,247148,4806186,261076,441109,0,17495
2025-12-31,-145886,37984,115846,-7944,1603502,-4622594,1.2495,0.7254,1.647,0.0,1.181,1.5455,0.054,1.3825,1.1677,21747.0,-230027,-183870,17351177,4855387,3141721,263140,4875121,355544,585571,0,21747
2026-01-01,-143926,38644,116744,-11462,1591194,-4629697,1.1319,0.709,1.4765,0.0,1.0518,1.5177,0.0549,1.3493,1.1224,21797.0,-190719,-182570,19024103,4924863,3244946,270407,4929029,400224,590943,0,21797
2026-01-02,-130246,41489,104109,-15352,1592399,-4607219,1.4287,0.6899,1.4612,0.0,1.4788,1.4969,0.0603,1.2801,1.1443,23397.0,-210065,-171735,20969606,5089707,3400184,300300,4981319,455502,665567,0,23397
2026-01-05,-128023,41306,102920,-16203,1545700,-4559804,1.011,0.6648,1.2358,0.0,0.9524,1.451,0.0615,1.3092,1.0699,23397.0,-131634,-169329,21956510,5227733,3602783,307081,4995714,558198,689832,0,23397
2026-01-06,-127888,41356,106187,-19655,1514450,-4556427,0.9584,0.6472,1.3659,0.0,0.8334,1.4895,0.0627,1.433,1.0874,22412.0,-146631,-169244,18612449,4970701,3337060,316474,5048508,400769,547400,0,22412
2026-01-07,-136272,41722,109825,-15275,1490663,-4564944,0.915,0.6272,1.2873,0.0,0.7535,1.4483,0.0621,1.3798,1.0844,22412.0,-136851,-177994,20400396,5126561,3539610,317112,5104319,476395,613246,0,22412
2026-01-08,-167347,37569,120266,9512,1434775,-4540302,0.6961,0.6022,1.1904,0.0,0.5297,1.3667,0.064,1.3644,1.047,21132.0,-113326,-204916,22629000,5360622,3922333,328047,5125382,595306,708632,0,21132
2026-01-09,-186063,38146,128245,19672,1445652,-4563865,0.6482,0.5777,1.0085,3.223,0.5188,1.3664,0.0654,1.3359,1.0447,3.223,-6596,-224209,24055848,5653004,4137076,338467,5172893,777766,784362,7103,22893
2026-01-12,-193409,38276,132963,22170,1454887,-4603052,0.9001,0.5708,1.3035,13.5739,0.7656,1.3679,0.0663,1.3111,1.0492,13.5739,-206594,-231685,24941109,5697495,4165102,347070,5234418,680685,887279,2103,28546
2026-01-13,-197655,38737,137395,21523,1419252,-4578198,0.8673,0.5563,1.4223,13.2316,0.6741,1.3974,0.0688,1.4751,1.0195,13.2316,-182697,-236392,20512725,5202977,3723244,360428,5239469,432612,615309,2103,27826
2026-01-14,-199134,41069,137867,20198,1424888,-4593962,0.8278,0.5602,1.2878,2.1262,0.6718,1.3619,0.0724,1.4106,1.0283,2.1262,-162230,-240203,22538007,5504065,4041526,381686,5273524,563719,725949,12758,27126
2026-01-16,-190375,41517,138727,10131,1433835,-4606334,0.7944,0.5626,1.1434,18.1769,0.6685,1.3794,0.0744,1.344,1.0261,18.1769,-99751,-231892,24499690,5741269,4162055,394255,5298463,695782,795533,2103,38226
2026-01-19,-193097,41585,142696,8816,1404691,-4579873,0.7936,0.5543,1.1313,17.7941,0.6838,1.3389,0.0752,1.3389,0.9951,17.7941,-97666,-234682,26221056,5860262,4376996,399758,5315480,743735,841401,2103,37421
2026-01-20,-201567,40840,148303,12424,1402720,-4538871,0.7395,0.5401,1.4125,16.2627,0.5384,1.3619,0.076,1.4945,0.9661,16.2627,-199070,-242407,21923619,5498213,4037153,401498,5280267,482542,681612,2303,37453
2026-01-21,-204722,44267,145454,15001,1427993,-4539394,0.7713,0.5517,1.4152,21.0821,0.6027,1.3245,0.0798,1.4375,0.9852,21.0821,-242391,-248989,23426134,5802955,4381373,422269,5291559,583761,826152,2303,48552
2026-01-22,-216200,47378,142214,26608,1457306,-4541176,0.8604,0.5676,1.3529,21.6791,0.691,1.3199,0.081,1.382,1.0306,21.6791,-216924,-263578,23815628,5842439,4426482,428818,5295688,614652,831576,2303,49927
2026-01-23,-227533,49138,150045,28350,1455368,-4519827,0.7007,0.5832,1.0395,21.6791,0.541,1.3261,0.0811,1.3469,1.0331,21.6791,-36113,-276671,24832885,6239063,4704877,427452,5267933,915078,951191,2303,49927
2026-01-27,-175625,49724,126059,-158,1495741,-4522763,1.0281,0.8443,1.8218,222.125,0.7094,1.4727,0.0653,1.6266,1.1574,222.125,-271401,-225349,14407970,4895015,3323940,309903,4748277,330238,601639,200,44425
2026-01-28,-174555,49273,132198,-6916,1482995,-4481872,0.988,0.8008,1.6591,222.125,0.7331,1.4318,0.0719,1.4973,1.1054,222.125,-278792,-223828,16527426,5135186,3586595,342201,4756567,422973,701765,200,44425
2026-01-29,-185548,70173,131406,-16031,1400916,-4446332,1.0739,0.7608,1.6704,0.0,0.8496,1.3808,0.0851,1.4335,1.1144,60925.0,-296134,-255721,17813594,5165663,3741117,404963,4761040,441716,737850,0,60925
2026-01-30,-193822,73282,133238,-12698,1330331,-4389817,0.9207,0.7183,1.5144,0.0,0.706,1.3566,0.0872,1.428,1.0461,60925.0,-281057,-267104,19083508,5374197,3961519,412972,4735997,546337,827394,0,60925
2026-02-02,-197139,70219,128959,-2039,1316767,-4322249,0.975,0.6416,1.5491,0.0,0.7815,1.3135,0.0948,1.332,1.0093,91181.0,-358224,-267358,23176674,5716423,4352213,456683,4817966,652371,1010595,0,91181
2026-02-03,-157452,87831,103219,-33598,1371044,-4244997,1.0189,0.6816,1.5411,58.5942,0.8216,1.3577,0.0983,1.4612,1.055,58.5942,-250813,-245283,18447140,5328590,3924813,468500,4766385,463533,714346,1200,70313
2026-02-04,-147316,81551,96526,-30761,1371929,-4228290,1.0732,0.6912,1.4361,59.1749,0.95,1.3322,0.0985,1.3861,1.0524,59.1749,-235549,-228867,20425113,5555691,4170436,472542,4796724,540105,775654,1075,63613
2026-02-05,-144022,80260,103856,-40094,1332056,-4223472,0.8354,0.6559,1.3111,59.1749,0.7105,1.3213,0.0973,1.3768,0.9993,59.1749,-201553,-224282,22048273,5739533,4343780,469830,4828453,647865,849418,1075,63613
2026-02-06,-150250,81075,105718,-36543,1298200,-4186989,0.9652,0.6258,1.3935,66.0881,0.856,1.3125,0.0986,1.3503,0.9924,66.0881,-278476,-231325,23318309,5952620,4535495,479314,4861792,707691,986167,965,63775
2026-02-09,-145919,84927,95267,-34275,1309452,-4167687,1.1052,0.6342,1.4064,52.4008,1.0029,1.317,0.1008,1.332,0.9747,52.4008,-297284,-230846,24604147,6033251,4580927,491209,4874583,731448,1028732,1190,62357
2026-02-10,-133614,84082,82771,-33239,1291496,-4146727,1.1499,0.6354,1.5189,55.1014,1.0409,1.3465,0.103,1.4876,0.9598,55.1014,-237422,-217696,20075918,5448165,4046269,501104,4866933,457537,694959,1154,63587
2026-02-11,-132215,81741,77335,-26861,1283040,-4103814,1.0735,0.6375,1.4346,56.9266,0.9709,1.3119,0.1051,1.4305,0.9561,56.9266,-229040,-213956,21936809,5604292,4271742,510108,4851397,526982,756022,1117,63587
2026-02-12,-133207,76313,76095,-19201,1268837,-4103701,0.8575,0.6259,1.319,58.2981,0.7415,1.2883,0.1036,1.3984,0.9506,58.2981,-195448,-209520,23488917,5794114,4497526,503790,4863438,612747,808195,1077,62787
2026-02-13,-147573,76603,83401,-12431,1231039,-4110925,0.6766,0.6031,1.1183,54.1198,0.5479,1.2949,0.1043,1.3408,0.9659,54.1198,-100789,-224176,25231975,6226348,4808324,512141,4912427,851673,952462,1077,58287
2026-02-16,-145138,77639,80246,-12747,1236906,-4104224,1.1131,0.6118,1.4618,52.8477,0.9963,1.2888,0.1055,1.3211,0.9792,52.8477,-328798,-222777,25879635,6193532,4805759,519221,4922256,712009,1040807,1077,56917
2026-02-17,-141258,75784,82514,-17040,1205205,-4064450,1.1579,0.6196,1.6341,49.6908,1.036,1.3055,0.1066,1.4754,0.9456,49.6908,-298734,-217042,21546112,5703211,4368755,522385,4900166,471139,769873,1077,53517
2026-02-18,-134594,71501,75610,-12517,1201580,-4033790,1.2563,0.632,1.5558,50.3927,1.1759,1.2865,0.1077,1.4178,0.9576,50.3927,-299160,-206095,23067109,5863002,4557193,525793,4879795,538210,837370,1062,53517
2026-02-19,-137872,63764,89586,-15478,1168516,-3958998,0.7344,0.6255,1.2019,47.5207,0.6036,1.2694,0.1123,1.3508,0.9872,47.5207,-152329,-201636,24416875,6106306,4810311,542302,4828798,754412,906741,1062,50467
2026-02-20,-133664,65699,75893,-7928,1239277,-3953088,0.9871,0.6564,1.3015,50.7222,0.86,1.298,0.1184,1.2962,1.0268,50.7222,-226853,-199363,24596397,6218105,4790650,572819,4837674,752420,979273,1062,53867
2026-02-23,-129085,61260,69304,-1479,1280440,-3919147,1.0428,0.6768,1.3396,62.661,0.9162,1.308,0.1275,1.284,1.003,62.661,-261876,-190345,25280549,6334944,4843274,615902,4830322,771151,1033027,1062,66546
2026-02-24,-106071,55960,78014,-27903,1234351,-4052656,0.9363,0.7794,1.7265,50.4182,0.7275,1.3898,0.0757,1.5176,1.0676,50.4182,-244719,-162031,14932951,4909424,3532343,325071,4295434,336850,581569,1045,52687
2026-02-25,-104481,51735,73060,-20314,1249692,-4068896,0.8988,0.7495,1.6028,50.4182,0.7203,1.3623,0.0774,1.4171,1.0537,50.4182,-247945,-156216,17266069,5150251,3780562,336728,4353003,411347,659292,1045,52687
2026-02-26,-102980,51831,74659,-23510,1249233,-4081727,0.905,0.7318,1.4574,50.6861,0.7246,1.3392,0.0798,1.3627,1.0666,50.6861,-225529,-154811,18699090,5354137,3997966,350785,4398513,493086,718615,1045,52967
2026-02-27,-124368,51422,92841,-19895,1217834,-4122016,0.6551,0.6971,1.1684,50.6861,0.5007,1.3237,0.0808,1.2982,1.07,50.6861,-115848,-175790,21024056,5652995,4270626,361693,4474629,687857,803705,1045,52967
2026-03-02,-144473,61812,96155,-13494,1221722,-4117801,1.001,0.6772,1.9194,47.8938,0.7198,1.3529,0.0826,1.4782,1.0656,47.8938,-335164,-206285,16982338,5273638,3898049,373203,4520455,364529,699693,1045,50049
2026-03-04,-163713,45747,108105,9861,1208320,-4132846,0.9479,0.6501,1.6564,40.9407,0.7212,1.315,0.0788,1.4772,1.0289,40.9407,-304931,-209460,18692258,5459413,4151572,366373,4646974,464576,769507,1045,42783
2026-03-05,-161848,49386,100925,11537,1193648,-4120238,1.0014,0.6444,1.7013,19.8057,0.7926,1.2931,0.0796,1.4158,1.0504,19.8057,-350762,-211234,19835605,5593271,4325384,371169,4662073,500151,850913,1745,34561
2026-03-06,-174291,47846,114091,12354,1178597,-4125487,0.8347,0.6268,1.5812,39.0206,0.6138,1.2834,0.0793,1.3611,1.0706,39.0206,-345251,-222137,21196451,5813429,4529723,373714,4712774,594054,939305,775,30241
2026-03-09,-193902,47802,117688,28412,1213799,-4160085,0.9688,0.6082,1.6128,35.5471,0.7747,1.2613,0.0793,1.3692,1.0367,35.5471,-403469,-241704,22629971,6079361,4819823,380323,4793789,658451,1061920,775,27549
2026-03-10,-187070,46117,118446,22507,1224183,-4179601,0.9833,0.6115,1.7948,360.7467,0.7417,1.3017,0.0794,1.5024,1.029,360.7467,-376264,-233187,19400940,5707694,4384828,385072,4847921,473418,849682,75,27056
2026-03-11,-206301,51714,131147,23440,1192921,-4144125,0.8255,0.5939,1.7155,358.8133,0.5909,1.2708,0.0811,1.4493,1.0092,358.8133,-377245,-258015,21305826,5842856,4597805,393827,4858042,527268,904513,75,26911
2026-03-12,-226327,55266,139447,31614,1190666,-4157090,0.85,0.5881,1.6443,322.7867,0.6619,1.2402,0.0814,1.4347,1.0101,322.7867,-362946,-281593,22224253,5947790,4795699,399272,4903933,563333,926279,75,24209
2026-03-13,-260540,60412,156278,43850,1179125,-4150729,0.7523,0.5637,1.5089,80.9164,0.5945,1.2118,0.0834,1.4143,1.0042,80.9164,-353933,-320952,23710144,6279589,5182031,409662,4910831,695459,1049392,275,22252
2026-03-16,-248769,63308,142833,42628,1184892,-4129347,0.9879,0.566,1.7407,37.9727,0.7938,1.2114,0.0841,1.3827,1.0061,37.9727,-461320,-312077,24729335,6293994,5195620,414009,4924385,622855,1084175,586,22252
2026-03-17,-240775,59060,135932,45783,1170141,-4106631,1.0162,0.5752,1.8306,34.1652,0.8275,1.2351,0.0842,1.538,0.9813,34.1652,-387187,-299835,21189319,5935146,4805229,414770,4923271,466168,853355,666,22754
2026-03-18,-225797,54337,129270,42190,1132611,-4060177,1.0867,0.5856,1.8113,33.8025,0.8828,1.2169,0.0872,1.4766,0.9891,33.8025,-416071,-280134,22524604,6061035,4980575,427686,4905144,512819,928890,719,24304
2026-03-19,-228952,51714,151296,25942,1006273,-3962674,0.886,0.573,1.694,8.5254,0.7003,1.1816,0.1008,1.4525,1.0007,8.5254,-398757,-280666,23172319,6179231,5229466,491201,4871134,574599,973356,3144,26804
2026-03-20,-234508,49651,147946,36911,1002308,-3987241,0.9115,0.5722,1.6111,9.5137,0.7362,1.1706,0.1033,1.421,1.0023,9.5137,-399469,-284159,24377995,6427698,5490712,509287,4931859,653690,1053159,3364,32004
2026-03-23,-243961,61812,149800,32349,1002693,-3961631,0.8275,0.5561,1.4514,9.347,0.6819,1.1596,0.1094,1.4307,0.9798,9.347,-331116,-305773,25250314,6582324,5676553,538545,4924314,733467,1064583,3424,32004
2026-03-24,-248712,65893,148527,34292,990839,-3933870,0.9877,0.5801,1.7873,8.0373,0.7331,1.1584,0.1124,1.5688,0.9915,8.0373,-425707,-314605,21760266,6240615,5387447,552754,4919543,540706,966413,3589,28846
2026-03-25,-238126,67535,134761,35830,980877,-3858116,1.1271,0.6229,1.7267,7.3313,0.9093,1.1636,0.1192,1.46,1.016,7.3313,-428493,-305661,22852679,6367310,5472192,576447,4836345,589607,1018100,3697,27104
2026-03-27,-279467,71451,165536,42480,922746,-3821186,0.9182,0.6148,1.41,7.1126,0.7427,1.1323,0.1252,1.4111,1.0372,7.1126,-310292,-350918,24035537,6518678,5756919,600467,4794850,756766,1067058,3862,27469
2026-03-30,-264046,73841,180743,9462,982670,-3843872,0.91,0.8396,2.3169,7.8493,0.6294,1.1954,0.1064,1.6826,1.1169,7.8493,-355720,-337887,14874186,5134114,4294717,449147,4223261,270111,625831,3498,27457
2026-04-01,-264821,74134,179253,11434,1032753,-3875108,0.9185,0.8035,1.8681,7.1578,0.6911,1.188,0.1068,1.5365,1.1228,7.1578,-326528,-338955,16706183,5404752,4549585,458287,4290829,376141,702669,3898,27901
2026-04-02,-268020,76791,177552,13677,1055215,-3869178,1.0627,0.7902,1.9063,6.7247,0.873,1.1803,0.1096,1.4411,1.1381,6.7247,-373043,-344811,18339308,5628039,4768363,477685,4357536,411595,784638,4308,28970
2026-04-06,-268462,75755,178090,14617,1071108,-3890579,1.1806,0.7763,1.9473,6.3098,1.0514,1.1838,0.1097,1.3821,1.1108,6.3098,-420783,-344217,20159849,5809244,4907321,485755,4428071,444173,864956,4978,31410
2026-04-07,-259435,66918,168441,24076,1058524,-3857433,1.0807,0.7683,2.084,5.7845,0.8636,1.2008,0.1112,1.5414,1.1405,5.7845,-363327,-326353,17106565,5561220,4631361,493612,4437958,335168,698495,5551,32110
2026-04-08,-227400,66192,151165,10043,1090589,-3794040,1.072,0.7445,1.7081,11.0656,0.9577,1.2029,0.116,1.4606,1.08,11.0656,-302657,-293592,18672715,5758640,4787424,510215,4397798,427437,730094,2956,32710
2026-04-09,-227718,65681,162764,-727,1081996,-3788895,0.9449,0.7311,1.7332,12.4258,0.7882,1.1959,0.1163,1.3903,1.097,12.4258,-338517,-293399,19964088,5914926,4945878,515318,4431591,461675,800192,2642,32829
2026-04-10,-206227,62932,143204,91,1079029,-3740209,1.0894,0.7378,1.6868,24.7672,0.9675,1.2018,0.1251,1.349,1.0775,24.7672,-355719,-269159,21177971,6074225,5054227,552852,4418842,517932,873651,2165,53621
2026-04-13,-208354,63415,141322,3617,1031668,-3723113,1.0744,0.7241,1.7937,23.232,0.8646,1.2064,0.1275,1.4659,1.1036,23.232,-331423,-271769,18470576,5842543,4843023,565564,4436459,417588,749011,2095,48671
2026-04-15,-200718,65770,137507,-2559,1042327,-3690409,1.0832,0.7328,1.804,21.0996,0.917,1.202,0.1299,1.3977,1.0862,21.0996,-334844,-266488,19934618,5842216,4860545,578136,4449592,416458,751302,2230,47052
2026-04-16,-198989,63247,142086,-6344,1021812,-3676966,0.9659,0.7264,1.8649,19.9603,0.773,1.1918,0.1267,1.3608,1.0626,19.9603,-377148,-262236,21407397,5933083,4978267,561526,4433324,436038,813186,2471,49322
2026-04-17,-190953,61362,131719,-2128,1031971,-3669405,1.0708,0.7319,1.7451,25.7282,0.9344,1.1931,0.1296,1.3069,1.0703,25.7282,-366128,-252315,22865085,6070869,5088320,578069,4460122,491399,857527,2097,53952
2026-04-20,-189761,56475,130215,3071,1011730,-3636158,1.113,0.7215,1.7309,15.9939,0.9814,1.1701,0.1304,1.3119,1.0827,15.9939,-375363,-246236,23055890,6133517,5241720,579508,4445686,513539,888902,3287,52572
2026-04-21,-173948,59321,106176,8451,1038731,-3640409,1.1588,0.7314,1.6849,12.6013,1.0465,1.2005,0.1339,1.4144,1.0589,12.6013,-298944,-233269,20332587,5945140,4952094,597094,4458674,436467,735411,4537,57172
2026-04-22,-183314,58953,124139,222,969533,-3642380,1.0146,0.7067,1.7443,12.0101,0.8379,1.1663,0.1328,1.3925,1.0448,12.0101,-349479,-242267,21940691,6080311,5213489,595511,4485800,469533,819012,4548,54622
2026-04-23,-190914,55118,126742,9054,897846,-3630829,0.924,0.6884,1.7306,13.7261,0.7249,1.1503,0.1345,1.3564,1.0558,13.7261,-361639,-246032,23041953,6099388,5302546,606022,4507040,495010,856649,3892,53422
2026-04-24,-204079,52945,137857,13277,868540,-3684245,0.8086,0.6599,1.3756,15.7314,0.6433,1.1298,0.1347,1.3449,1.0612,15.7314,-247450,-257024,24322436,6265413,5545643,616476,4576642,658740,906190,3287,51709
2026-04-27,-205981,51842,130245,23894,900258,-3690474,0.9868,0.6973,1.5218,12.1782,0.843,1.1251,0.1415,1.3344,1.0677,12.1782,-323941,-257823,24606675,6292589,5593018,650715,4598027,620796,944737,4517,55009
2026-04-28,-170678,45158,124558,962,795158,-3795317,0.9758,0.7062,2.3527,2457.9,0.6714,1.1799,0.0983,1.5488,1.153,2457.9,-346225,-215836,15677033,4941504,4188238,406383,4136076,255953,602178,20,49158
2026-04-29,-171058,45442,117562,8054,828904,-3841990,1.0288,0.7005,2.2247,11.7351,0.7758,1.1733,0.099,1.4552,1.1487,11.7351,-359542,-216500,17436291,5152505,4391401,417928,4222209,293574,653116,4250,49874
2026-04-30,-184476,38407,130158,15911,798806,-3881181,0.9737,0.6768,2.0344,29.7698,0.7174,1.161,0.1016,1.3835,1.1844,29.7698,-363868,-222883,18911734,5305741,4569907,438151,4311263,351772,715640,1998,59480
2026-05-04,-192572,38608,138522,15442,805838,-3918438,0.8087,0.6452,1.4245,72.3474,0.6399,1.1516,0.1017,1.3495,1.0997,72.3474,-239277,-231180,21725666,5658849,4913816,448987,4414569,563705,802982,950,68730
2026-05-05,-198133,35353,141704,21076,791272,-3934241,1.0391,0.627,2.3882,69.2653,0.718,1.1593,0.1009,1.4951,1.119,69.2653,-401545,-233486,18528779,5307473,4578172,452588,4484554,289256,690801,950,65802
2026-05-06,-194595,35993,130320,28282,799040,-3966687,1.1536,0.6333,2.0384,46.2287,0.9353,1.1521,0.1027,1.4021,1.1587,46.2287,-382956,-230588,20225061,5528947,4798829,469497,4573116,368811,751767,1434,66292
2026-05-07,-195948,37140,140145,18663,741910,-3935997,1.0651,0.6299,2.1914,41.2078,0.8221,1.127,0.1031,1.3738,1.1472,41.2078,-424685,-233088,21429754,5564523,4937495,470797,4567308,356458,781143,1434,59092
2026-05-08,-210112,39346,149909,20857,682883,-3950039,0.9259,0.6071,1.729,40.3082,0.7239,1.1089,0.101,1.3688,1.1156,40.3082,-344498,-249458,22716084,5705671,5145539,464462,4600043,472541,817039,1434,57802
2026-05-11,-220969,37919,157260,25790,658655,-3968459,0.7656,0.5775,1.6407,39.1227,0.5927,1.0936,0.0992,1.3687,1.061,39.1227,-335531,-258888,24435172,5828197,5329385,460079,4639873,523725,859256,1434,56102
2026-05-12,-237144,35818,178349,22977,644356,-3958119,0.8919,0.554,2.1756,31.9703,0.5885,1.1137,0.0991,1.5396,1.0174,31.9703,-438839,-272962,21069574,5688842,5107828,464550,4687812,373291,812130,1514,48403
2026-05-13,-237874,35983,173819,28072,671476,-3977772,0.9051,0.5605,1.9441,28.3557,0.6798,1.1095,0.1019,1.4834,1.0167,28.3557,-404326,-273857,22448974,5834955,5258850,483534,4743871,428267,832593,1774,50303
2026-05-14,-225611,32191,165498,27922,653341,-3943526,1.1103,0.5698,2.0393,28.5132,0.9412,1.0921,0.1044,1.4366,1.0428,28.5132,-440694,-257802,23402918,5918212,5418926,494579,4737758,424050,864744,1824,52008
2026-05-15,-216507,31974,158722,25811,642131,-3896523,0.9729,0.5655,1.6972,29.6064,0.8376,1.0877,0.1066,1.3763,1.0722,29.6064,-371489,-248481,24597652,6121743,5628094,501989,4709963,532822,904311,1819,53854
2026-05-18,-209866,27927,150348,31591,633272,-3876384,1.1745,0.5647,2.107,31.9841,1.0241,1.0948,0.1098,1.3442,1.0624,31.9841,-572409,-237793,26051943,6338649,5789549,521164,4747548,517083,1089492,1884,60258
2026-05-19,-216280,29459,155781,31040,606922,-3852814,1.0212,0.5692,2.0043,15.9419,0.7401,1.1022,0.1153,1.5029,1.034,15.9419,-407770,-245739,22201979,5981878,5427422,549962,4769971,406028,813798,3634,57933
2026-05-20,-222520,29743,158024,34753,581256,-3853276,1.1423,0.5798,1.935,12.9754,0.9454,1.0799,0.1177,1.4487,1.0623,12.9754,-412747,-252263,23411565,6065320,5616362,565292,4802741,441464,854211,4434,57533
